Temperature;TransectSize;CellHeight;WhiteDiameter;BlackDiameter;GoldDiameter;TotalEyeDiameter
t15;9.865301852285741;3.160108487252362;0.20587092637471188;0.27873466769597155;0.3207521509422469;0.6138820487162175
t15;9.421505070277288;2.963044077384131;0.12113774263361271;0.2481307638430642;0.16321291848402192;0.4327783304615175
t15;9.535958751642866;3.092612416204009;0.1760813037641206;0.21440034978180572;0.29800496671836096;0.7460740976487352
t15;10.008424515238078;3.2332451258019845;0.1779898108102794;0.18698788797951227;0.10422498955669185;0.6836668413741526
t15;9.997498097372416;3.2666548096421177;0.1522249388466787;0.238538828337549;0.1701940069079254;0.384930451795515
t15;8.996846164051433;3.170574243034523;0.17988736163636915;0.14846663550081401;0.26901484117102126;0.5987019654021839
t15;9.588348952630218;3.4809976787274732;0.17618005808234094;0.27751893538218453;0.3757193934477479;0.7045484876160157
t15;9.073123430478553;2.8046752439660345;0.1854786732383646;0.24190883448562941;0.24058210690411355;0.6561025084825639
t15;10.212560510888865;3.4135606316670466;0.18414439885749379;0.2282225726348825;0.37645268030576207;0.664606718446362
t15;9.949721284793847;3.774803027185422;0.15768483317398532;0.17795096799267227;0.3817914787158211;0.4816274111053819
t15;9.51338973490739;3.4936074167220763;0.19541439103575506;0.019886808591120603;0.31341189022529164;0.5773968624516447
t15;9.970253531091199;3.17053373291783;0.1500750136941818;0.2937437005715029;0.3329900432999425;0.5534645866195752
t15;8.93023839560378;3.2235951302573573;0.1428909376795537;0.3284275892601092;0.25017224955403994;0.7456543669491199
t15;10.103878637097544;3.038681151726958;0.18802678338522508;0.19976551970472256;0.4256594226939205;0.7472204491659163
t15;10.525608581419824;3.3730731061525336;0.1370536127333128;0.25614361234552163;0.21918775809262092;0.7177621670592658
t15;10.118944345835475;3.3529019286179933;0.18990036047908654;0.2544660828986238;0.21207033496378108;0.8449663613293397
t15;10.186553543925402;3.346747414189008;0.19270407946400747;0.0967844584273355;0.1642604805836705;0.4908156552998291
t15;10.419924916220529;3.876508147971142;0.17858929762831396;0.11229581319556996;0.29911614787643676;0.719702743408616
t15;10.48604151875927;3.518241784992562;0.1502947395962821;0.12988623411972944;0.09345960253704652;0.7574932402679204
t15;10.067002228485048;3.696935331366511;0.18960016921283315;0.13357884415814197;0.16969406297594494;0.5361544922025758
t15;9.609243819399124;3.105643977026363;0.21763731682374426;0.11319526410356254;0.28981179490996445;0.5569690992275314
t15;10.145210628076129;3.6894621661407068;0.21598061030484456;0.19239642919872776;0.42203294297451116;0.6518875058930664
t15;9.907485212027282;3.4747502333189306;0.2376649781367207;0.2517514670678576;0.2794602124015714;0.7594251340529686
t15;10.12638249980689;3.584882899718534;0.1511635074243074;0.3733909796999639;0.298450720859648;0.5357001392901716
t15;10.039703564423348;3.6524435433556994;0.13330660581331258;0.19323597059841607;0.20006798428722328;0.5598677093697084
t15;9.965197867631868;3.348758956105016;0.19482826837359554;0.23121823490840301;0.21075050523676722;0.6878337888289827
t15;9.784426658059228;3.6158445638143877;0.13820657334178021;0.2899301676734557;0.2904580378246867;0.4980195322943437
t15;10.292955033180059;3.305414096100604;0.16917639137009882;0.14873277984054012;0.21557700852449244;0.5115575718790369
t15;10.696766565746042;3.0946251711308177;0.1775956331854167;0.2743984386957497;0.24941621491519816;0.600693548124072
t15;8.34225523355661;3.359276599029481;0.1565366763436306;0.1983175378126705;0.21610981396393453;0.5888961079713336
t15;9.38591328494162;3.40366169576557;0.1418439710250496;0.1693614389845216;0.28145983921843976;0.5742269091833222
t15;10.702693352803864;3.697989832627705;0.17914671580621075;0.18095861178111255;0.3038592053435152;0.6456795273533616
t15;10.300838601595892;3.3293958113905866;0.22352890693061672;0.3614416592306555;0.286943006083941;0.3841412953562906
t15;9.013709963452122;3.192772703063155;0.22028235124600556;0.22035823623926837;0.3001916883728781;0.3533307789048591
t15;9.374131115633299;3.31540815329718;0.21093498475914474;0.21729283880150518;0.29839366479577545;0.36707346558203474
t15;9.839842491375757;3.837076430498056;0.124564792568187;0.16469022237503916;0.3375993467300734;0.5724524761215334
t15;10.505019762878433;3.8363516482528865;0.18401485811271293;0.15315370307344012;0.31831069757076963;0.9504658789921079
t15;9.41928143249426;3.473289900481116;0.17293372365761392;0.11331387256865662;0.22720986171344057;0.3738026830508179
t15;11.510758614064013;3.249205708714566;0.20939989067841022;0.1917669896457865;0.2836120427799397;0.6534883784938568
t15;9.435335142018404;3.4726161726502958;0.18227186203750345;0.18317311494602728;0.23441045005260025;0.9545678842344669
t15;9.236728888861;3.534352516164407;0.18572148154321727;0.22062340771494449;0.29265311628356266;0.44490131398280386
t15;9.70055956197849;3.3227503003910552;0.0970573261927459;0.19939709856322577;0.1453543380698483;0.7773663930907038
t15;11.012968920626419;3.9479103083906635;0.16949410327755535;0.19011087247637043;0.2888853082304291;0.5006190199296745
t15;10.747800199729955;3.1333981212716973;0.11776568496462733;0.22985994087145523;0.11504449764378391;0.4851900397006151
t15;9.515036209148544;3.372031197453638;0.17030423697605163;0.1421298305352059;0.2742916496075286;0.5654073065788645
t15;10.2534100343479;3.8012708715984878;0.21114344431312138;0.2380217857066643;0.17617212164115065;0.7402623642776631
t15;9.945791563922254;2.7852676911001755;0.16925594319029252;0.13293714334189036;0.18267890346671378;0.8487476608681596
t15;11.496410384896059;3.291067790201348;0.19109594344695088;0.15682226262975768;0.2230326470518948;0.6702946147935537
t15;10.205454154604876;3.668086294237794;0.22165373424583734;0.25230908228713317;0.27851176162662966;0.7089603532310593
t15;9.782734055322143;3.7183644308220987;0.16146169567958032;0.15506833374794382;0.23431372935984787;0.6724225190082389
t15;10.14591244654365;3.171684665601833;0.1564128156746754;0.1620359964233028;0.22606081306355114;0.345197571845032
t15;9.425134016392239;3.3820875941772486;0.18702690467972688;0.2971557972068102;0.11621756174508663;0.42126874247858265
t15;9.816469335931833;3.059546397453147;0.21733724019760284;0.24639574909805267;0.352235894346394;0.7663100542675984
t15;10.839210959639646;3.661483849071939;0.15981230443875732;0.23106730485123853;0.23325344952667293;0.4243759056807409
t15;8.586411841268681;3.9053267632000783;0.189430395812962;0.12454639128042448;0.25142502533083916;0.49560215924237533
t15;10.142965352702287;3.4808267734508553;0.1618239604765703;0.2320465621929535;0.21144903462347678;0.711606219434101
t15;9.387951739256746;3.21080254221898;0.20874284455982506;0.25989509249148673;0.28404073042143946;0.5918760031351198
t15;9.645975557770205;2.7434999383326124;0.2046691423895831;0.11997374451852191;0.31212450131720826;0.3412527229272644
t15;9.901780066741988;3.4533637989950052;0.1364031498443761;0.2946079046408705;0.25845479253437686;0.46839720320591055
t15;9.948074958433336;2.8214258259448712;0.18957099044914744;0.20867915601160708;0.31874397656383563;0.5967718885073081
t15;9.649132774007525;3.8278764235639446;0.15116161466280906;0.22802109327163014;0.37207659454496733;0.8472217872125736
t15;10.4967545878504;3.7004790053335546;0.1214250433278459;0.08906554030660842;0.21494316470153074;0.665531984304719
t15;8.738821009494334;3.5058515314494523;0.1392633353948212;0.2822964268023035;0.3076963344601613;0.3918877734512394
t15;9.295832848393873;2.8893258719161308;0.18200969722065283;0.22512866623822625;0.34067134640936725;0.4296798772219605
t15;10.55171087615987;3.7189663670942346;0.2280661049037228;0.19154343015866976;0.3200848399048884;0.6134832674990841
t15;10.358344159963588;3.1608726375525684;0.1886061982877584;0.42721343105968407;0.25683227613363885;0.6799554431869181
t15;10.690309906833148;3.6447442166803556;0.21294242011944892;0.1810376318161475;0.1521819860316563;0.662140366091747
t15;10.858230132794505;3.162609387686368;0.16948440155811417;0.18734991316930313;0.23993373185692538;0.7791357393063916
t15;9.840053201081894;2.66542453577919;0.15512441929876414;0.07209734659456489;0.37441585877617845;0.8279980089426011
t15;9.771997822220717;4.039134022633328;0.13886311787735503;0.1859872667891716;0.19153598566476793;0.7261858020906695
t15;10.579688564125094;3.1889904518837153;0.16018087787803686;0.1858882808250689;0.17853851127913983;0.7648446870700476
t15;10.19777804403604;3.8741997927856655;0.20101709312363625;0.1521918814707555;0.2791517354075957;0.45506298554154645
t15;12.045426771421283;3.3137502349619137;0.18539223924023102;0.22158944578659306;0.3596077989304043;0.7007848364014783
t15;9.552686385155198;3.173239522049174;0.13735078555486172;0.09361557682610586;0.08433502215075689;0.521293774860181
t15;8.92825014086548;3.2313492764051217;0.1646299441218589;0.2448583354863439;0.24216675659072812;0.5183824877994332
t15;9.716734082243313;3.5009676421245723;0.17863380206928073;0.16267963474104993;0.27832250835373895;0.7700182149079318
t15;10.356902527691659;3.3793501738914116;0.16372115443452673;0.1880314446727058;0.2205184481713314;0.6680234859258296
t15;10.19113844345508;3.7140474187999217;0.1956676100956754;0.20648160490009396;0.24375714161450857;0.5255052904995162
t15;8.956803386778384;3.3808292050574247;0.13360797781509715;0.2232931039900213;0.27245339971020965;0.7137266620625161
t15;8.952596966270953;3.506015898894086;0.1427641173418774;0.23805785534038998;0.3505514925346197;0.6882514793685652
t15;9.685913500432836;3.9527448677209405;0.13359323043411667;0.14177687504768283;0.45361315465179275;0.5683561736805186
t15;8.9143803740123;3.604417985474089;0.19674185729588198;0.2857673062272156;0.23326268118695176;0.4516468228352745
t15;9.834365234933934;3.08432115278543;0.2058703339890043;0.14951202109684344;0.2563429765137743;0.47360513807189053
t15;9.55770486689729;3.235935134587598;0.18874138636930501;0.26957253404398474;0.18245865855146065;0.7447620059897881
t15;9.487338053320972;3.1589898263278586;0.14418528725856591;0.24257535129993774;0.1799875854606749;0.6236491023707903
t15;9.809377143070677;3.362335092523869;0.16846264240073897;0.18787939869746048;0.20743377835485044;0.8484149992864922
t15;8.403219919956909;3.0135782566685845;0.20935593138537573;0.13658930437601455;0.16429405583747558;0.6256880558844732
t15;8.721526986267373;3.028041697786545;0.199777686581923;0.15280565966829252;0.15816233250464973;0.5203523435084028
t15;9.818722628745991;3.655679105265211;0.1930056561387743;0.22136895744353113;0.2478629113531677;0.7658794370900046
t15;9.916849802044135;2.7145019458972355;0.1951308014334597;0.07972956182601479;0.1925306103637121;0.7418101309314358
t15;9.241873585239984;3.410034080977846;0.20738528438704718;0.303874342069323;0.3628695993302814;0.632955565868755
t15;8.905617471250565;3.5558044814791563;0.15806686532966555;0.3308727225624688;0.2242379186007902;0.7186498210206331
t15;10.648212319983495;3.6936918209038985;0.1815228723264287;0.08429548569897377;0.26123135001256226;0.6854606408415025
t15;8.961947885777223;3.6295330666965917;0.15111040433360823;0.2659450437084213;0.2896281770894962;0.636816553815502
t15;9.579067228529166;3.259532870227428;0.1604439861860571;0.2589641480024556;0.3548473795699041;0.5647281509103138
t15;9.031172641193224;3.4003407970086874;0.17916805740412467;0.1743957193253045;0.31930293379488933;0.6852053997460233
t15;10.734251804741715;3.5353387201412914;0.19702240514489838;0.3018421374270154;0.2816368072384956;0.6823592134856445
t15;9.051056966875029;3.3074943973146462;0.19833750308828318;0.23062202538799928;0.22308284109729204;0.5152909979448093
t15;9.577499062839843;3.90203806561155;0.14412749099946343;0.12432125604470716;0.1871236661474007;0.6540090473066215
t15;9.95093159326579;3.2922968901779552;0.2069474115253118;0.24405432615011177;0.23106794521800164;0.6776135035039053
t15;10.427844539833632;2.7967451251022437;0.23698978923976047;0.2219519412230347;0.20935598969215782;0.5878069387166319
t15;10.668496058844772;3.49095712900496;0.21306097598392168;0.16407288592827948;0.24021853757781306;0.9532587074243226
t15;8.941885835378322;3.0200814912714478;0.1749603374938005;0.16545331269287228;0.1915335452925596;0.3583677879162274
t15;9.95109938205753;3.2796032694233928;0.193918194111017;0.2175311006415529;0.2711242592690663;0.7042125319750427
t15;9.996390808300522;3.5296887833061565;0.2458391209939674;0.20013199273789375;0.30770681312231757;0.5487335284744105
t15;10.437376504991411;3.4959129382672343;0.15973609079613418;0.23550257459851598;0.1711488816593315;0.5605298424385509
t15;9.526086388993157;3.255663284812542;0.17532743732352243;0.15867188730657253;0.23193979291472477;0.6214971364981047
t15;9.080048615868664;3.0442105764814364;0.21388842012207684;0.1554919820173394;0.2983838436902361;0.7071330485417734
t15;9.729079775445554;3.5248503179265285;0.16839264627913306;0.20913943531453053;0.30688886259415543;0.6756927470110272
t15;9.720328343771884;3.4958500418003826;0.1795711126909165;0.1664475975931029;0.27300442840529726;0.6612688422263925
t15;9.859945840630717;3.947183830370234;0.19163227684671677;0.2968141918167655;0.3225966646912534;0.7013313375035534
t15;9.470876162340229;3.03653985529016;0.12014424562543466;0.2236701658581059;0.24498067907002946;0.5365620814842461
t15;8.91402317819836;3.0896805579699906;0.2031329521368729;0.3035118845598415;0.31671726257019167;0.4833467080688444
t15;10.680722248155222;3.0052682186081494;0.1645911607298664;0.09997332231527342;0.256390758789974;0.7410238089649874
t15;8.930771954261038;3.3127620232246224;0.1982885426661254;0.13179059286159062;0.15758716885196516;0.6947491988595924
t15;10.17235601003947;3.961434861976466;0.133130092469171;0.22888034059885262;0.2292610858473953;0.5978412672454658
t15;10.26602150042274;2.703357823848852;0.15518927582894498;0.19655158694414462;0.2904402700596972;0.5778662560813164
t15;9.491851717211196;2.9624175336067764;0.18192637019134272;0.0478733362805262;0.07236223385613044;0.7824435302371833
t15;10.106843769486291;3.2902541589659458;0.1551336394836988;0.15172055884186264;0.2727835847960165;0.5477791779073898
t15;10.232122793920858;3.5180959370443947;0.15210202384843965;0.24887342356307868;0.30250462778731974;0.6079784566681281
t15;9.563683576831977;3.89488435565257;0.18601008976137673;0.17348075824789044;0.264472382382053;0.560763802374236
t15;10.310852359646315;3.7816542690377357;0.20567024911334722;0.04496648630176711;0.26512126032026473;0.41804534426201473
t15;10.082276566658996;3.722573757591877;0.2408743381121979;0.07944054491530826;0.25628006721921937;0.7558106424821447
t15;9.446660347042007;2.9930367732792256;0.16310085801454846;0.16905787394458752;0.1695970524233532;0.487213049261104
t15;8.754015713260602;3.4007200670095665;0.19438083902989423;0.1346307740869909;0.21385227442657392;0.3857749847352403
t15;9.61147712491237;3.805019214244739;0.21154199760243017;0.07576814697363102;0.2524836780447282;0.7642912638750906
t15;9.798689031269381;3.1337293313257124;0.1311630039335988;0.2562404897538214;0.32128476268535133;0.7862052037708773
t15;10.017114206003432;3.66003826182285;0.15183048176706426;0.23922398508871176;0.23585522823069519;0.5258920691404194
t15;9.858288175363203;2.9627471770512774;0.16920224074525791;0.1950749181609868;0.22213568917252693;0.7228147223465538
t15;10.310556609730009;2.9287727192034634;0.204916127710223;0.21448305727725359;0.2722776839139233;0.736177279189099
t15;9.507446464721816;3.231242689686249;0.15789856102995467;0.21866312808099356;0.2244861679481284;0.6060503563869771
t15;10.760130556393563;3.631203542885704;0.1701386221452056;0.11213985939548639;0.2696108933602717;0.8894578488928998
t15;10.322982535796635;3.410644233225119;0.14990544455020077;0.3034245386189182;0.34701269851270883;0.6992743397241663
t15;9.272527823296038;3.6595309318506755;0.1948257543083136;0.165322713430762;0.3126171005921028;0.6293285846462258
t15;9.966859780909719;3.7775993799691947;0.12454215185212228;0.19510506563271707;0.2835820177653835;0.47783809613144057
t15;10.802751249381869;3.285316810571942;0.2688686346029352;0.39382229843178707;0.2583565089155097;0.6882908536213281
t15;9.771192917660185;3.3123245759416564;0.16416443809422734;0.29247479187783976;0.26079821091970723;0.7043996877640466
t15;9.016016735204378;3.415422745868286;0.1771418993699953;0.12541153604725505;0.2114101956296328;0.6463724857728459
t15;9.657728304957248;3.3841433278150164;0.14233944837813556;0.1126138890848923;0.25761331459031567;0.5784208933607261
t15;9.487256245770888;2.7220535310732132;0.155118176728013;0.14938315244167963;0.2489855190398838;0.7081022814573699
t15;10.064839475061412;3.4614135718725714;0.18668986209369096;0.1788750711605203;0.1839219289954987;0.5743257330137617
t15;10.354277516200504;3.4912213061225175;0.16241280135755481;0.12811861664048213;0.19916221020081643;0.7117646350860976
t15;10.573987984885092;4.08682596990551;0.1336271679925735;0.13274093734223322;0.24812273131453597;0.5470864841606934
t15;10.323147120378314;3.2384255101563175;0.15399707360929205;0.19712773401532246;0.29485546748469715;0.5326957803201681
t15;9.348616705905027;3.3211595888199983;0.21264266850850336;0.2283605258531636;0.36635147560962467;0.5121255802722162
t15;9.570484712623335;3.2642980607409067;0.18230182634990355;0.21955386451609102;0.2395834918529975;0.3923211772150056
t15;8.988926775524357;2.9931968079108024;0.1675420578582287;0.2193318343533964;0.2853373054830861;0.6638770786218369
t15;9.508884014684028;3.135432732301419;0.2073294594810414;0.2411801873453163;0.30030081109696294;0.7630022756793567
t15;10.665111339634583;3.476613152085473;0.190084961443686;0.156009251935746;0.2795966832285054;0.593067503134306
t15;9.637750412378724;3.663929721280365;0.19487587586873406;0.2470487250831251;0.23201865353533002;0.47376958205285324
t15;9.594435360934655;3.4927345425454095;0.13650646567454183;0.17575376854381458;0.22219058028187721;0.650779148637024
t15;10.607483808322124;3.4848248361524994;0.27141920023977906;0.15045327281844822;0.19028557313980926;0.6669067194768733
t15;9.930558225129527;2.917154603057269;0.14448312107917313;0.1093598475092319;0.33998618018880555;0.7372752575914999
t15;10.791855269967707;2.9612417961553543;0.11580217448221419;0.07843137095880412;0.29727681251224897;0.42437531446896126
t15;9.92302060668244;3.315450838866598;0.21014101869365506;0.18439013966416487;0.4002891845303249;0.4642661970188741
t15;11.038666995261533;3.2902343245584986;0.2103172334863551;0.24141563810410988;0.16898152778469475;0.7102688424946177
t15;10.231684680339939;3.229787657343746;0.1857231725066669;0.18128292511419802;0.24604171257951635;0.5896409988875305
t15;9.422864874582237;3.442464908926748;0.1915330459320532;0.14654004054655737;0.3148882240857894;0.8305096318329324
t15;10.069756611216931;3.2886894230341857;0.2202136385588848;0.1708463907074269;0.20697013187122887;0.7134279751812757
t15;10.216617733022996;3.453333370956863;0.15273761124696728;0.20763318290286548;0.13936001054689112;0.49640328775519804
t15;9.727312582730313;3.016689249308807;0.15001182443461106;0.15007257040709443;0.2736862519048967;0.37566363575842904
t15;10.200089925588317;2.991863930737629;0.18208577123395342;0.26534379964065874;0.3239871953834549;0.610032955801715
t15;10.223326380380318;3.5545070317379377;0.0876036744524091;0.2695755248803512;0.17846813680164944;0.6723992609902786
t15;9.996008798718247;3.616871519902613;0.2030531264054342;0.2048487687864698;0.2885729486641334;0.4522917081023513
t15;10.47681480157135;3.7839667639922947;0.16428560828994562;0.33568568449680025;0.3855365696319958;0.5738478144082917
t15;9.863405404137149;3.9402278983118486;0.20320875920569606;0.1159622859981378;0.18014050433689213;0.9197217114924562
t15;8.79994070163756;3.0770275980809614;0.11242687038667036;0.0917945669042645;0.2371580313197102;0.7669564681874389
t15;9.346087394332478;3.9033601242155953;0.15750976838282926;0.18613094803582714;0.25688490713924167;0.4096371372492235
t15;10.903062065642185;3.5165678266591125;0.19071397602331863;0.2685653603700021;0.2910066987435699;0.7522721145210107
t15;9.24957363748167;3.590335569176344;0.19224970143221515;0.28448140880635575;0.32944288028162816;0.7460467743090996
t15;9.555200982490073;3.3175451679676127;0.15826946295116628;0.20109142364845578;0.13189284886663535;0.5769333184122066
t15;9.19946137293762;2.9736079095102683;0.1797617803452343;0.22925080771616502;0.09095753350483257;0.5438285865359052
t15;9.408504069848481;3.7797938871466616;0.1700842130040197;0.07432098987142755;0.3468719696901872;0.5143531290910811
t15;9.088745023818381;3.2258467899523806;0.20659771667831672;0.1603207008399074;0.19115832720771064;0.764077054789627
t15;9.816588662228765;3.8430861883284138;0.21780883270695853;0.1903332414780127;0.21166601928403858;0.7093136495920604
t15;10.005621792910182;3.792388794870873;0.17456441293355546;0.1819641672332529;0.2916961411764877;0.5952955560911328
t15;9.464196040925653;2.987239503936971;0.23697822983002817;0.15827581920110922;0.2641110545135633;0.6021895967826534
t15;10.194530516608467;2.9156871051296265;0.1562588542270694;0.22034075204975662;0.2518865719355238;0.6342733536759657
t15;9.275216016620002;3.3300287714657832;0.19256269125482994;0.20118217963849339;0.16089899844436406;0.5772782336677663
t15;10.556623511659971;3.514795455806502;0.20346998424323293;0.088180907409196;0.24449289003300537;0.7882098754144385
t15;9.437279511360389;2.796670896454291;0.14785352141871502;0.2574669673542339;0.32487455996144676;0.9048089805999213
t15;9.984369176013788;3.6603266353901;0.14721869298241544;0.19169314641537072;0.3308662935817571;0.7408176064861747
t15;9.418339932230674;3.290953995633176;0.14454521652152416;0.20935928654644306;0.2897043957608823;0.5407064547563629
t15;8.854611082283576;3.179268179832947;0.13033035786717106;0.3101087096720607;0.18259461030732316;0.6314853863510114
t15;10.243523165262966;3.478292624832634;0.1855364893915294;0.20894441555718918;0.3416234899497286;0.667633859068673
t15;9.188786522149623;3.1666246441392505;0.15568661588290508;0.19504184703945457;0.3449209275556023;0.5716846578208626
t15;10.715850326415103;2.891150275035745;0.14139468782063383;0.104174302097631;0.3521162579225337;0.7198823662496328
t15;9.718307854558889;2.9443942523241593;0.14673187254389997;0.1642439314669783;0.19448872331919748;0.516572173725064
t15;9.85239657711061;3.575652556858588;0.14840283147996525;0.2549913304544835;0.24614507737390734;0.5900122687005279
t15;8.981861716171752;3.5196045352360095;0.12385376864170576;0.24262103374551255;0.4004205076852585;0.765578364549503
t15;10.315436724024577;3.1807427435920927;0.19983268667253082;0.13683880633346637;0.17553887126455592;0.4789910467090732
t15;9.285340689069253;3.4580653907446894;0.1848739799017002;0.24724126518957987;0.3452908189283748;0.6470787941898545
t15;10.408873465299681;3.640158203702576;0.2590730036421839;0.2019551988760069;0.31011124541436014;0.6545483464160256
t15;9.913701869009994;3.279042339567822;0.1450384208494269;0.184875792202196;0.36249706764520007;0.5751997571060024
t15;10.25236014375746;3.363005526409149;0.1897810627576144;0.21958647332213857;0.30465783155919657;0.5758352694056829
t15;10.312136529482823;2.859771321736607;0.19202020521947133;0.20720083360171848;0.30859270771687447;0.7732747617478957
t15;9.893326767011404;3.126572843580352;0.18320964803892326;0.1411075469463205;0.18256831600439904;0.589009747934006
t15;9.555546828141582;3.278397943345026;0.16044630038322213;0.11234892611619987;0.16853136824543105;0.694583481538379
t15;9.503381229141496;3.3056491017657943;0.16075544431971112;0.18014179652343548;0.310531896032962;0.6290398822625878
t23;9.219502180367467;3.775855931396144;0.2489122495770928;0.44789485838674936;0.3031701676740039;1.187443614796464
t23;9.121366531104124;3.751987600287822;0.2526760855083274;0.6400019768101188;0.391631046966727;1.106085352399948
t23;10.110299066803194;3.5468265075755268;0.2011546695507092;0.5813517817073862;0.3513236745912046;1.3592629616346381
t23;10.06205350654681;3.046158724414858;0.2551672115293288;0.7439755364542883;0.185772689433236;1.2401702701404753
t23;10.90892573655681;3.2026679535054594;0.24706402877473016;0.500904654989702;0.3311704337796312;1.372808011187622
t23;9.54917347290586;4.256229889686973;0.20435349201040245;0.5805951454595025;0.31117795195028236;0.9192252439773128
t23;10.149536606362737;2.990655520567096;0.18645169739286627;0.6942705450215608;0.2995847096764223;1.0422919695905264
t23;8.845875975890994;3.2261481788822834;0.2071799793129784;0.506103256178263;0.33468677056460944;1.3133456922011264
t23;9.269090364598027;3.5835405563910694;0.28803717535709145;0.6712449639846367;0.29847614989480126;1.0096684200378467
t23;8.497431915085077;3.617573179178005;0.22593421823817664;0.4498205458828496;0.3394490617831354;0.9544891595182051
t23;7.527320127160633;3.570940599648742;0.2344356341848563;0.49411184355274906;0.37821361492531247;1.1347797835224847
t23;9.977917337650165;3.2525112719451013;0.2767142630988692;0.5543287974583955;0.29136871761541405;1.2759996499607862
t23;10.724587858197179;3.1790481133203485;0.24122612479200936;0.6495092777027108;0.28084500226087;0.9587408740139535
t23;9.04251887364642;2.9308809524972936;0.2737004935335513;0.4908963821686829;0.3325077085827365;1.2423897178297838
t23;8.084339074358367;3.3093881726648675;0.2203100971280471;0.4642027043331173;0.3428122948142891;0.9222844521880998
t23;9.966173794153502;4.159289895415009;0.290171317044759;0.4958650918505237;0.2553570847271326;1.3086381219660643
t23;9.787003743231924;3.4829576090478125;0.21540802002904402;0.6426377830642005;0.27710725453282364;1.1151394574567308
t23;9.535813902684222;3.4502965802667607;0.20412688699620474;0.5728842450986571;0.2042990377267327;1.0952683218856676
t23;9.723263483003118;3.7217200824609056;0.2739325735446592;0.5384651545692849;0.38055193414117683;1.0597586217816461
t23;9.067145208481252;3.7391543383712125;0.24914522082739668;0.49140391398875466;0.27050312471878535;0.9386448634967568
t23;10.337356076246152;3.589331212017626;0.2754404732266668;0.5603505284472164;0.23022329000212757;1.3447210893214556
t23;8.790811857454129;3.6601338358359468;0.20218165809673685;0.6139251570732961;0.32783555623443644;1.014502979788105
t23;8.594931998249459;3.914929664690872;0.2301848849423189;0.7483906133348012;0.3326925898725446;0.7907712765435476
t23;9.998355681712233;3.1396262064074536;0.24323416232275483;0.6303695219759864;0.3107014639086814;1.2280091381307232
t23;9.32278532021479;3.2034822626260584;0.21500506346976536;0.5461787844871868;0.23810899084441695;1.29367607042265
t23;9.772829220381643;3.2794780340843066;0.19133048336026573;0.7564058358410191;0.3471423351778403;1.2403050907831215
t23;8.952027118047916;3.329132015555815;0.2804073229926146;0.5538899886351961;0.2522479886214833;1.1138984319834027
t23;10.438282030647432;3.0075568221408355;0.22013285613135553;0.45826401451468074;0.3275767343862639;1.2055897545219103
t23;8.853229682846601;4.109568934420276;0.22028120956637354;0.31680645157050447;0.20714742877626346;1.2225904303609518
t23;9.224226208149817;3.5731004294833397;0.2716574349491961;0.581288556119202;0.32781405182366646;1.051896478795116
t23;8.967635158840046;3.0483457168074892;0.2512674712112625;0.38503450626501645;0.2934447181318235;0.9202502937960906
t23;8.807455885999136;3.6989590321846197;0.24846555295476797;0.3944423168004545;0.23818066013248315;1.1707543293936606
t23;9.904991352766075;3.4923486635689294;0.2428613239451063;0.6536794525243721;0.2272138954914878;1.4669491319917194
t23;10.140391079867753;3.8164866394283887;0.2156523172107451;0.6361527396817392;0.2562315488139454;0.9327569328260776
t23;9.479457046810523;3.4447615921679846;0.26556593291328795;0.41973007331115275;0.31607859198241567;1.0423820313649483
t23;10.988649440167931;3.6375141426953084;0.22630881378153378;0.4910685161940523;0.27026970918333226;1.2305404781037392
t23;11.574504121742963;3.0501946359307075;0.2638562966281077;0.43159111973205727;0.34156133103534997;1.3090925358307601
t23;8.998467838482242;3.551721228362192;0.21847982896066248;0.7004983804203453;0.289158484201861;1.0969336431827235
t23;9.464471595193428;3.141813981578662;0.24423993295170202;0.5650290883808264;0.28589176759099977;0.9788469826783233
t23;8.909793772036481;3.4156371549649025;0.28142985765279066;0.7918449123497453;0.35605442284124383;1.1503909792466336
t23;10.01648971754509;3.401996897410995;0.2248631140399121;0.5905378289482733;0.2542770471524483;1.1559709107702123
t23;9.01343407058949;3.558814028688823;0.2804672548217693;0.6162495310145589;0.2595404400308871;1.0868929324707677
t23;8.655682363114058;4.227159537491396;0.22753280248347585;0.4736820752598555;0.32221762118486985;1.2657318848315042
t23;9.151758471666836;3.2971052149680187;0.22807202278089683;0.45744111336516724;0.22979045421868788;1.003580642830777
t23;8.82487005196799;3.739775631264753;0.23694486896439676;0.5175026931796965;0.29504283072957727;1.4074044764413596
t23;8.604667584127501;3.857789501560869;0.22918153807952277;0.5853278900173565;0.3002446708835362;1.0172909450970091
t23;10.484256633989457;3.4842234948769004;0.27352526052711634;0.3892927860136813;0.1469351770963603;0.8974057788160669
t23;10.157672451663672;3.5256945134704836;0.2016226685751974;0.19960456706901142;0.2825227889988001;1.3877029530765725
t23;8.558768947706291;3.7887707142852642;0.22107697862345413;0.5711948772772049;0.25766258126630814;1.2429983851424367
t23;8.37765001983466;3.8500236592674923;0.2682362187429335;0.5002931561846303;0.4338684671240595;1.0669770575150992
t23;9.078609123051482;4.172952872813909;0.2234822649983739;0.7838260728159975;0.24547221416451165;1.1405545392844592
t23;9.853221873836619;3.607656570853942;0.22735566353802414;0.23921558507453194;0.3229395979129632;0.8259974609659755
t23;8.857626435887484;3.431304099586668;0.2328798458765002;0.3988363496642561;0.3278632180614523;0.8341449175761484
t23;8.814183210046568;3.8694955258409838;0.25321956956020314;0.677754734918376;0.3537959814211043;0.9909938025448035
t23;8.83820982549292;3.3558932692975314;0.24146803498124844;0.40984791018941136;0.4159613042449768;1.0492501858704766
t23;9.108693800806863;3.1945986365781427;0.2127606175584479;0.7023111727299861;0.249456273837533;1.1690209209293716
t23;9.283774815604229;3.5471959663464716;0.24280538147979197;0.4647031307617997;0.24539067009512272;1.3274479489161566
t23;9.005361936091889;3.2375052876222155;0.2100601899770585;0.9576938712054436;0.2874647789529274;0.9646359377189115
t23;10.146206693661718;3.4275876785882935;0.2359857248691545;0.7013347300122219;0.3741816033777065;0.9191285647702666
t23;8.85073788346286;3.950937604751825;0.28101366191467586;0.5025954082111362;0.35938841835490304;0.9741821718109949
t23;8.995705231252659;3.3959461218401152;0.23454864138024997;0.6349432340277015;0.27384868851597355;0.9132010720303358
t23;8.637724218743166;3.639567068452799;0.24390800201909502;0.5929162853052795;0.2808348794993464;1.2706196461752404
t23;8.898935651947875;3.6427531873040895;0.20407024501262588;0.45690534567782715;0.2902855149372173;1.1640039017472315
t23;8.942113329495877;3.150698387168048;0.1902768553348089;0.3889103361686127;0.3427870340176682;1.0465016216455665
t23;10.005402941528729;3.435675351455678;0.261964035911229;0.5093177753773739;0.3182169616763278;1.0381308774827587
t23;8.928239452640305;3.76937002989553;0.26574659700736525;0.3566221212783164;0.18018787142657355;1.1262336978874832
t23;8.949851230390172;3.2055000786927628;0.22204485448716807;0.6538121887621993;0.24909495173185903;0.8156720840926692
t23;9.295231876587943;3.713235012468371;0.22854652247480586;0.6412139008437072;0.2659224992330142;0.9775756668995548
t23;9.78550385503135;3.346523279431513;0.2705485035471015;0.545204228089971;0.29185317932735183;1.1997077235246338
t23;11.016603182756256;4.450229070681565;0.22869446519338782;0.5998908999835685;0.33870722794015634;0.9511331696158478
t23;9.17402749015134;4.443564761479406;0.24882176810830284;0.4220137365095302;0.2513340434187512;0.8665998344069772
t23;8.235198811391314;3.4962843084966333;0.2922524293912389;0.4857797583256174;0.25787168502370955;1.0827387806896853
t23;8.98460750386696;3.573656742048353;0.2900309146148731;0.6619831569786433;0.2185511042654939;1.2374038438883077
t23;8.825080523161553;3.4120750441963374;0.2732697833861487;0.6120149236723346;0.290492402180142;0.8351326133131701
t23;9.778666754719735;3.67931151806111;0.2559273667613027;0.519483968315144;0.27575037848783923;1.1494199392191082
t23;8.97057752304658;4.0772863211626005;0.25675025285923064;0.5298291106704066;0.28524409221016334;0.864380607465344
t23;9.069109035901157;3.5487179487331866;0.27763222768618606;0.3364949597877629;0.31777417637057237;0.9692783147918151
t23;9.607875238799783;4.0020222460055175;0.26304080857435874;0.5466146583248528;0.3093929856338806;0.9680195068877159
t23;9.340666620857544;3.7048023451223644;0.22061282707232915;0.7982140636439865;0.2721323826605854;1.3162685240710101
t23;10.001515368944535;4.275253518999838;0.27954927872221275;0.5416281437161382;0.3034584316476464;0.650703414848596
t23;9.137591417391612;3.30053869487282;0.2381438117839117;0.36690389093860387;0.3306939851184908;1.232319685308207
t23;10.56310102250675;3.3073898564717217;0.18524108512218437;0.633860858523617;0.2710863662707381;1.054111313935666
t23;10.147468268288577;3.7205258527489113;0.17657902266157055;0.6284577835635882;0.37140159840011655;1.1538160309389196
t23;9.24947226171225;3.635063462361488;0.23266795085941017;0.7247366784038699;0.2244917040747238;1.1225157105265335
t23;10.089712826539918;3.769025756912483;0.30496202910766673;0.3727779143558223;0.3253907814197521;0.9137453996469893
t23;10.296736105944674;2.823451732193255;0.22541315436774878;0.4449198886195691;0.26463204875526686;1.191736333992366
t23;10.94507601354659;2.6392321847529585;0.239534511060047;0.6732955877397608;0.3180474305669243;1.1672820718693815
t23;9.679390655816244;2.933889214090674;0.2373488412585411;0.689737799298221;0.29560182199634016;1.081409942971089
t23;7.71467031383585;3.21055811168293;0.23361820025076602;0.5935888844885834;0.3045545262120838;1.3680504498070851
t23;10.40819021002418;3.703136405162504;0.20012354541304264;0.3830807350236045;0.37695250413425574;1.234688241304086
t23;8.849017723548037;3.676910791669928;0.2194246856509349;0.5856828666601924;0.36900874327859917;1.0069738958066823
t23;9.135131179803777;4.516815191635585;0.23812764317548546;0.6230924304513907;0.18385293789348428;0.9472734889614486
t23;9.76733816256735;3.669679066357923;0.246327575005488;0.5376687475997836;0.4177180903399193;1.1353829051140574
t23;10.969038893618977;4.062797431426846;0.2502402801326636;0.7918528139619623;0.24147583734160272;1.1193808161771124
t23;10.474107510633091;3.324275864999282;0.2359831396325957;0.5084794928587342;0.3115563639194641;1.080758798458679
t23;9.074697578310364;3.6516907538462884;0.27706978894986645;0.6821229125807443;0.36242777871246806;1.1667021263639545
t23;9.238295866821762;3.855279716957824;0.23921592328738517;0.4254779888285032;0.2654974840835159;1.1756303981735425
t23;9.723862960895278;3.0938346737290057;0.23687920358883363;0.3622251313555958;0.3164830465427349;0.779987154894157
t23;8.512384241707094;4.371276642682599;0.3115020822842469;0.5566582091969992;0.18107134667383565;0.994650150776057
t23;10.420867291153627;3.31666957521524;0.23817789978215195;0.5702146252263127;0.3968907666481811;0.9912039861826158
t23;9.864941762979326;3.871200065077013;0.23852010120992218;0.809500633418627;0.29012293771635383;1.0373155824224762
t23;10.375778760285137;4.2404187734423555;0.2371924931201178;0.5741168174451912;0.3288165539905252;1.2506329611766276
t23;8.662619300493702;3.8792395534339748;0.2907227473051014;0.5009834230150405;0.169748711272744;1.1946963898202125
t23;10.323414542030896;3.318028453917705;0.24598409078051492;0.5213873445679454;0.34664224004401945;1.4684771828317893
t23;10.147328738033842;3.33732025011958;0.2255697317184281;0.6189363931627643;0.19539518363670413;1.0559618999088978
t23;8.866478815492835;3.5997743704722898;0.2565140482214322;0.6866224940926455;0.22903918780581783;0.9305032679615117
t23;8.237407530661777;4.34672345276294;0.22345102367813116;0.6030099052547121;0.24596137640223115;1.042863628598894
t23;9.74966283790043;3.276800642339671;0.2622143900704719;0.6522420158814574;0.2788114041471613;1.1579261912684775
t23;10.626618064470668;3.909049752261159;0.2473023972638599;0.4642272437768877;0.24392146458904562;1.4204516809603922
t23;8.31514884347272;3.474595480357931;0.22339199667111395;0.510580179692284;0.31952871035549446;0.8463411192842415
t23;9.12737329318322;3.750708116047456;0.2340308741167091;0.5141163657267892;0.26665942132545906;1.121222614366308
t23;9.072404889162044;3.760470118564795;0.2211698919068277;0.6326388640516507;0.3471572214652639;1.0556098824875784
t23;11.040978030507622;3.685561903038641;0.2583378939591844;0.7809511644344435;0.37157314647774276;1.0360572356264417
t23;8.866093477285014;4.156129908445126;0.2616199664318947;0.533910218507665;0.35804154061044996;0.9643204084695254
t23;10.228699345000617;4.107176553834385;0.27293563157591644;0.602922858485766;0.35377831956296596;0.9940692007993784
t23;9.122434345476696;3.5247186834196764;0.2442886063107011;0.4176812137515209;0.30958432295761745;1.0576827162681923
t23;10.498271479588633;3.6580903233160096;0.29557389072651846;0.5188469149198035;0.2738371407988305;1.2325980188712757
t23;10.933578832641494;3.1504876375655413;0.31405659913396144;0.416900231036898;0.3085557807934587;1.0966766390562512
t23;9.631817673047093;3.103840848943584;0.2787186062978599;0.8435488070247836;0.4214654234163282;0.9820270522095002
t23;10.424032764415074;3.4746947113324658;0.23545410373869782;0.47954287041265387;0.38810535577399813;1.3146652303268278
t23;10.946381307831896;3.1789754839817386;0.310952644452438;0.24997562753851454;0.3489832919375987;1.0960451108794198
t23;9.657857347456211;3.2883682011272355;0.2616804654184725;0.7940462177070371;0.3949208282791802;1.0390396567795486
t23;8.952814568409359;3.6369164802441203;0.20951229264062046;0.4392207227137426;0.31868425020700397;1.2667833693306914
t23;8.820664554377368;3.1506780463035966;0.18196950414293503;0.7061767532259118;0.2169810546979835;1.0704443245845927
t23;9.631569203630804;3.6157256244598863;0.24632783187138949;0.47314974634686857;0.24653855262343854;1.1281383759210863
t23;10.136226976175431;3.051926588704164;0.21490989030112284;0.6426048271449799;0.29421472332398574;1.0678217489083832
t23;9.933196317724025;3.277788335817873;0.24594315532518227;0.5304390070598474;0.25823537339782976;1.1140910192998914
t23;8.953201735971088;3.407818857900381;0.25714485494994377;0.5355500255641044;0.1941126073534329;1.0059529600927632
t23;10.140291197460119;3.312871497063141;0.22197206010092752;0.7487671516567783;0.30779936777999445;0.940264326682481
t23;8.685643794376837;3.3476616200689002;0.21588137339176094;0.5246574087124818;0.3006356938510648;1.0532785538605025
t23;9.38133636744008;3.5875257974083303;0.27723877504534705;0.39626365906840083;0.2317719372364992;1.1599530083389347
t23;9.107455658038013;3.315399868434014;0.24261727415387085;0.584187648971364;0.3321813104281834;0.9922343239677055
t23;10.31535142779495;3.813986958167598;0.2643343765230803;0.4169232323651524;0.25946869444302506;1.2014901238867548
t23;9.315073288762834;3.002554959550018;0.25858072220511163;0.7342574198225958;0.24951474109165317;1.1124502415884459
t23;8.131734713506527;3.9549712656428544;0.24487854280656965;0.4313304647849368;0.42832675571869094;0.9352795434609629
t23;9.562315094096498;3.929120513148301;0.2576722090428527;0.5071044728302058;0.2598391135322439;1.0842296674606036
t23;9.69630057731314;3.835089287732056;0.24019724686322597;0.6978549619291751;0.18549639018723713;1.0068254312462581
t23;10.29427929448216;4.066270197808485;0.28255181068933544;0.691878894334924;0.43241643931404755;1.019095348267191
t23;8.010334874586373;3.2870629549150063;0.23632185384579718;0.64769312459152;0.2668313128337796;0.8819985500838281
t23;9.181817170559802;3.6915902308041413;0.2771992537342146;0.6614147304500719;0.2708653596588901;1.1774337837716415
t23;9.308673288248304;3.714668101304787;0.22454868822240853;0.8211384984082937;0.2873626336558061;1.057828933936874
t23;8.783418712940255;3.2669025615664213;0.17692051215761279;0.44956000816162883;0.31331204886625674;0.9553853023780373
t23;8.505330616439219;3.3820743427028375;0.2019135422061304;0.41795598349317764;0.291933222712049;1.2464074930126707
t23;10.675830080728783;3.489637901929312;0.25759056221376453;0.6142311184918215;0.2663497127805717;1.1663105135139882
t23;8.933829617234597;3.416511552916192;0.2664492349465507;0.5717053570141202;0.3004239873528082;1.1727268369138317
t23;10.181741761823744;3.3272521085641156;0.2046311743123138;0.7446565529358999;0.4126979963706503;1.3856909356220344
t23;9.343848222142642;4.19768522921808;0.23935700675917207;0.6815215432414524;0.336815842453028;1.0600379623793088
t23;10.66732198216905;3.5307680439251783;0.2630160301379742;0.6394824514671811;0.3291155049999341;1.095748748794637
t23;8.853782046621284;3.84685850893542;0.26564543737003193;0.4160427687137047;0.41189618230703207;1.0390248140843323
t23;9.639665734674981;3.380077101009888;0.2642410706409328;0.5161670417550237;0.3458342654000621;1.224205090971001
t23;8.7429717493788;3.3619344159068274;0.21543500033791085;0.711947046146635;0.4383894801925715;1.2184384176214016
t23;10.319815046817924;3.768860713849035;0.30537772515235184;0.44913876727056756;0.16940670539130923;1.132997426967737
t23;8.821763956710686;3.4708055747064575;0.17835266487207913;0.46304460765297434;0.44797298301158117;1.2522783485608961
t23;10.092161650709794;3.0329713770861924;0.2523691821745472;0.5298263985430062;0.40964045454866543;1.0048326352178896
t23;7.583528135393513;3.6761167123514777;0.2665268007128036;0.516664084355466;0.28511228551104717;1.303877795953081
t23;10.372727966604284;3.550679224379164;0.31209504029427515;0.4336245925863558;0.33025165216026475;1.0054947270674626
t23;10.262801639960207;3.7924675105783248;0.25135137890313114;0.4598573344182534;0.3860975773688722;0.9011742807414835
t23;8.824465307110945;4.382629211659424;0.2170505181235821;0.30294237306061306;0.3420822832149295;0.9790208805920684
t23;10.909372100103445;3.5105610373049605;0.2466613133338201;0.40643366550637705;0.24199296636111048;0.9854070559269622
t23;10.820216900697437;3.884325258405628;0.2955415269841031;0.7199281252098143;0.2998434278472754;1.123965015832171
t23;10.006258170439619;3.3127775904382037;0.3313193327397685;0.8720376366832456;0.3964002610718199;1.0882795482136147
t23;9.802724907209807;3.690574905623696;0.24828975230561526;0.509520692277746;0.393864515376944;1.03128540558543
t23;10.083762442260156;3.370172739740792;0.2668096921629602;0.7374023199481298;0.22439751272446273;0.8503131200358136
t23;9.565429348923399;3.9146596214446805;0.22067109821919578;0.6025306260523039;0.30853921673847845;1.1605806791354556
t23;10.465734099302823;3.147236530227646;0.21454221307601304;0.5394750930247785;0.3101473905551263;1.4102812038023282
t23;8.740107539937663;3.1318130861989504;0.24971938922839146;0.7686655710182029;0.31601519903260006;1.2354933375266568
t23;10.418983451681965;3.2191247258595763;0.26709045237725704;0.583203240124644;0.2916693756002179;0.9168266252990637
t23;9.349617841092154;3.7513946224227688;0.24569132303926722;0.6992266047139082;0.4036753725901994;0.930905350935584
t23;8.433659375558134;3.802893845280754;0.266480287355047;0.5818341794087427;0.2500411849217298;1.1894646194019356
t23;10.116054623521633;3.8269334095814376;0.24130895412869346;0.3515666594673232;0.3640403449836274;1.0707049083546576
t23;9.85346552244923;3.359415326451239;0.26031935887707075;0.5118149749992117;0.27420204908565926;0.9287137664871177
t23;10.295174434309137;3.5482286146229507;0.2438133302837644;0.23157466200460275;0.2542984649224678;1.0611112686477615
t23;9.800740290681725;4.033476941795928;0.21558563312918833;0.6335326736682143;0.3104732738260264;1.3029815050472724
t23;10.621954712935901;3.296187917497767;0.2236627647979334;0.6038267056757132;0.34579208464529526;1.445436242122601
t23;10.700397445659261;3.8288808604581983;0.2658229252929075;0.36195377516040605;0.34185787329118966;0.7897518844015536
t23;9.799628979245632;2.5128480019825417;0.25931430148791795;0.52716958702082;0.20757769747017876;0.9036292905989212
t23;10.42174943806302;3.4814226481777464;0.2335814048699575;0.6008258171807189;0.39807926639564695;0.6917393161505208
t23;8.683373003605059;3.8769483646063034;0.23728593372065307;0.3760052347036382;0.25297532213552143;1.1572868771251654
t23;9.610534423760422;3.292665381882684;0.23756403836099332;0.5753028025651135;0.3555092430290795;1.102853261239367
t23;9.378318143788375;3.2726880387144592;0.190076033238252;0.42535113941781433;0.38821503932709595;1.1810590536280667
t23;9.573216710709996;3.3844539851454276;0.23956979628735392;0.6503536987013154;0.250723283496196;1.0054604072539823
t23;8.815396219202107;3.345157432907644;0.27417877994496076;0.5995904882639351;0.28447486669908667;1.2586659241919667
t23;8.824183580223158;2.938703020188364;0.25473438746166027;0.4430342884597661;0.23945171833563383;0.9318006325127811
t23;8.823192486394142;3.072980348201242;0.2611262196229816;0.4254656677454737;0.18657134596163916;0.9803408827624813
t23;9.596936123540427;4.127493805981325;0.26624083214667266;0.5937917662984881;0.29309743064786;1.0255550410915335
t23;9.123264730123488;4.5028532382921105;0.2267933571829376;0.4515832140899065;0.3183032579896469;0.8261148306046371
t23;7.996001951080688;3.486074959866796;0.21335649237615434;0.5287555910027857;0.3775523488623919;1.1468359539217647
t23;9.156686753625193;3.484768281211025;0.23073922601519428;0.6131389865546707;0.32466888538116423;1.1102314834655183
t23;8.126326346816818;3.2670167763415505;0.21030342359393295;0.6161212043346527;0.21104422790823452;1.2363597033495315
t23;10.404981954524972;3.6253013989996643;0.2614716560458921;0.443444537099436;0.35456312439777354;1.1178785231890445
t23;9.544641893869736;3.3849275617274737;0.24500395224693447;0.36893396766894115;0.34017956706590735;0.9871294447830006
t23;10.473254479510327;3.3217124955908988;0.2709334486638791;0.5434901136902273;0.37047376731632586;1.0482955961071923
t23;9.93795913789979;3.660583210747253;0.2383301357756064;0.523237495528896;0.3028592268019266;1.056502516864455
t23;8.47929965623525;3.598412175407472;0.24196365501561667;0.6371821330462655;0.2643806636480006;1.306660141563572
t23;9.445863336420656;3.2415769944450417;0.22904792682999722;0.49525602492018095;0.29181248814768446;1.042639224725294
t23;8.213875759645623;3.2491578386275055;0.32258663534316373;0.7055781884688697;0.23999348878425614;1.103343377541806
t23;10.719525642660088;2.812721809595486;0.2577801937204448;0.4827064891156504;0.4499765762580461;1.2978553596829943
t23;8.936135770522954;2.9547395132152587;0.24159054075593114;0.6739914428157118;0.2869450659489934;1.3475120826162599
t23;10.21141506548357;3.7853479824757823;0.2413504070886969;0.4928674497120173;0.2745407305476559;1.1204820526324628
t29;8.807591617804334;3.2123853236412128;0.2677360170537492;0.8250754724697134;0.39433804455717575;1.3095343559974977
t29;9.073629410595197;3.2904815917552566;0.34578990686886585;0.7810020054120163;0.3084461123690803;1.4426580810149137
t29;9.335393084155507;3.4106069164885;0.3052296756114337;0.9355740021938825;0.43544954146086756;1.4055566415849325
t29;11.16466498950713;3.099133951774814;0.317014681957777;1.073560585072984;0.20912101906844777;1.592936374113565
t29;9.89601022279799;3.476575958350967;0.27751389793730563;0.6912246101317463;0.2526887695360738;1.5646258688336867
t29;10.36325106073651;3.122783712036006;0.3100523125527365;0.9070900326443214;0.4845522958462747;1.4077696021643344
t29;8.949467125205185;3.6103906399555927;0.2520822880400174;0.6794083094609952;0.2593835860163079;1.2560588134271609
t29;10.335274404857962;3.402016358315986;0.21093774153414108;0.9045631132245555;0.27645392743469094;1.244595672126085
t29;9.963394408466648;3.55381725267919;0.3490433719354952;0.8934732252899056;0.24370183391976577;0.8928103025922668
t29;9.384469278320442;3.468630100703056;0.2794581727899042;1.1674818046659927;0.3797388146235391;1.0918590502008614
t29;9.761517162479166;3.5803138877624114;0.24991538898951005;0.8975518784071705;0.4248077384593814;1.164074783915707
t29;10.291385914033533;3.595362506292867;0.26466151505573593;1.046530200290587;0.33988736347254145;1.5398036001457425
t29;9.764650918193245;3.258174494416833;0.29152919233623426;0.999817471982394;0.28091218974669335;1.5059317065584876
t29;10.145995907680009;3.212120021879843;0.30598534340152816;0.8844803823395315;0.36102041773581794;1.3289027575915024
t29;10.980839432989098;3.4444373218840747;0.3382288403493298;0.8978952907212542;0.19668765336112873;1.1274814103501312
t29;8.30139952870312;2.9907042545299345;0.2833113021267854;0.8658789679871244;0.25531924113921844;1.5160228733701724
t29;8.633420763305146;3.237463518546207;0.27771608822686317;0.8181944832868243;0.324447562812557;1.483832753193135
t29;9.485671591456233;3.106555873030946;0.21035138235978454;0.9356368663272328;0.37645663786308164;1.3566020142467403
t29;10.215695186579847;3.4083310542135443;0.3164520520347292;0.7907233503806729;0.34221657235357233;1.4267736154537287
t29;7.633675985297773;3.6428526468028606;0.25450210004411233;0.7325698402710707;0.251154560396663;1.3342029469546732
t29;8.792302117958492;3.3779069472212813;0.3144243988120905;1.1753717284285456;0.24946519578649268;1.731432022072241
t29;9.27016373369232;3.3707545379623682;0.21353419704807047;0.6621099611106843;0.2788415151307959;1.3474406293059586
t29;8.227485830561378;3.46197560006677;0.33528455956209646;1.0281674560004546;0.26962635267437873;1.0417693201261267
t29;9.567445562930219;3.668444347078715;0.3586771702404909;0.9942792986725872;0.2810997385156727;1.3375782812515167
t29;8.918622870195055;3.50745224390335;0.24162081229127066;0.896981112909575;0.26368190399976976;1.6145777566544657
t29;8.11672089312149;3.5639497273479352;0.3074400246374695;0.7436509203494287;0.3658905019629614;1.2920282393074909
t29;10.046634841231525;3.453824651992062;0.3444753182097255;0.9758423533285696;0.27159408847555266;1.2110997952827809
t29;8.829921066393123;3.2863580213291503;0.31233517350948636;0.8190489788720886;0.1752876150655087;1.3838286253054874
t29;9.078400672594041;3.2402923431477393;0.2903336570452458;1.0046544253305316;0.3746345242494071;1.7429091810021442
t29;9.257270458822305;3.0281912162388736;0.3337507942763164;0.8185715844892669;0.38872325670978125;1.4019935399196
t29;8.581795218825441;3.3924730376155683;0.3125139446774817;1.025610776531556;0.37234027185372703;1.6942810046659451
t29;8.72584705268283;3.3195550873291615;0.3641328495235232;0.9657949902492864;0.14444900182096868;1.402538633152885
t29;9.86525002919912;3.551016095709425;0.22920485921010902;0.7069573068581984;0.21246076008453174;1.4431594277817623
t29;9.116072585636948;3.8504386263536143;0.28839393025718246;0.7605246666051915;0.3845441076676838;1.3296137116454556
t29;9.24726348425223;3.0136698203604855;0.29621171115902534;0.7359820222455569;0.36788610452978426;1.5506980403538846
t29;9.077483073315753;3.420407261564656;0.3283311769011279;0.9926149493015922;0.23407330720794034;1.3267827867811257
t29;8.79523277881439;3.6234771654011904;0.2348363823228291;0.7514246989841258;0.2794710620620702;1.3499374694582973
t29;7.569561953560958;3.514837275823157;0.3005393747460632;0.821804004652264;0.41701284903001357;1.1989865483609385
t29;9.210815037983593;3.36304889390704;0.3654265650581276;0.9309229746772751;0.3786372663063845;1.5077967235659153
t29;9.982077711276943;3.139972341924392;0.3122586313301277;1.0039064246769862;0.18891278522091676;1.601099876363003
t29;8.138584797937037;3.669536803085515;0.2563083806295274;0.9913586798836727;0.3433452731968277;1.6414273086604008
t29;9.731843926308681;3.642880662541728;0.2150350380711987;0.9788818721538884;0.3152648626260787;1.5334080203784273
t29;9.03937227345604;2.772217600054682;0.2922329756407184;0.7112928075759621;0.370955362155643;1.3483083210533648
t29;9.829469399700946;3.6726566532056073;0.28945086078197374;0.9056037175362965;0.276316312841067;1.7440999402112616
t29;9.372885018960764;3.366414045273545;0.2695074700252287;0.9654798801883218;0.26715434002204913;1.6111453742111181
t29;9.029995807659901;3.4838318273333155;0.24274850796177264;1.036321519676635;0.24221686043951088;1.2673422130247087
t29;9.486744195095428;3.5086816446990086;0.3314760873813247;0.7342294389093399;0.30300593589583585;1.9045707320026974
t29;10.448750891645371;3.5254975404426547;0.2329947241779491;0.8145019342596823;0.16513489857034108;1.1842404275127079
t29;10.335288917221138;3.408263463716707;0.31152880337407984;1.2022109886153778;0.3353380643601551;1.7795426465043576
t29;9.23201282495778;3.1177206726793774;0.2673793617929088;0.9590391879207575;0.20952520247626366;1.1499486870832647
t29;9.343359703453652;3.5112364448978357;0.28705782582913225;0.8965507703093696;0.42148502958567124;1.4271394542353946
t29;9.16174514481913;3.5234136902144013;0.27085504592257725;0.7320614648153239;0.3081343758871639;1.2023776156466395
t29;9.642139651370371;3.3461257802574376;0.30407608682432574;0.5245029567325807;0.4026331283785507;1.3912679900292149
t29;9.206090268737523;3.6196726688302765;0.27170853931193817;0.8073953161547547;0.15590277635868965;1.200354366777924
t29;8.881138762515866;3.5941326434297434;0.33738841954560117;0.7256547885345255;0.18993837072561187;1.440667590639109
t29;9.413290068166598;3.6442744202201593;0.258236571861809;1.126168486877663;0.2924954015913079;1.321252003274617
t29;9.985115532907878;3.5732296866926294;0.19524145562510692;0.6627147334475919;0.32892806237201966;1.1258182503846903
t29;9.588182180388534;3.254614264893505;0.2900655829526763;0.864225998644746;0.2312262962623569;1.3984227878321978
t29;11.500449519380872;3.1383172424365373;0.37170779429950485;0.8270327556493027;0.3322888805625971;1.5708437564869135
t29;9.252585965543947;2.6090358803342335;0.24544536382899745;0.7863633743192544;0.30278207288412823;1.4684808009597523
t29;9.955789485457988;3.4058364396991188;0.30420904323236847;1.0648444417387133;0.28752939583480464;1.847121685791302
t29;8.503573789535476;3.2255724913084514;0.3105997328715178;1.0315786600160832;0.33412293548385985;1.7031379039151966
t29;9.382920747630529;3.436213768335382;0.3099930587191052;0.7590502429858342;0.22915615095654163;1.4836995828470538
t29;8.501516530875252;3.8389453469625225;0.3333222366025055;0.44709037045285155;0.33658975727902696;1.6164756022031601
t29;9.838452489348262;3.5118767180901305;0.25700396552031096;0.8266103356858925;0.3511920914506895;1.636108554313393
t29;10.265391168095897;3.469048291639679;0.27834982821526905;0.6056475446501864;0.3748901290841833;1.482748047232894
t29;7.014446589382974;3.705088327581624;0.2123903150524057;0.6952026146240806;0.28866672926823467;1.393643126775893
t29;10.10100918862586;3.443419053873082;0.2814211602704718;0.7353473357162207;0.2683959222070991;1.2771721621485241
t29;9.03940399923583;3.480317053837643;0.25432176003416873;1.0973098179346834;0.2253904444131662;1.4453642521756636
t29;8.920714764148032;3.891987992221696;0.30724359485687236;1.046212664811194;0.3825445805918757;1.812066818701401
t29;9.284617359822294;3.4050281795760435;0.2823992701526625;0.7500271724830607;0.3304493562491843;1.3732939569919427
t29;10.13883214998354;3.3548372039439682;0.2616447689552976;0.7276251952221867;0.25664896515496627;1.6217478208250338
t29;8.41939825264102;3.314064715492859;0.2429329444950274;0.9951297995223286;0.31242086572055683;1.3113224986049385
t29;10.248120168163505;3.169370926905225;0.2563450356300155;0.7789673481937023;0.26065784430460226;1.1016682046107857
t29;9.983372262515854;3.413256838663397;0.2282368730226622;0.8308479855997677;0.35784241680173084;1.5931328272351792
t29;8.324607535810546;2.8897595495787782;0.30823052548650776;0.8312325802319478;0.36453689162264663;1.5179155711460084
t29;9.819178714957099;3.390333317899989;0.247363754985916;0.9472639792176776;0.16049312472143187;1.4735270184826588
t29;8.551713959995253;3.24360990383195;0.2770714753969073;0.8223742064469988;0.3284076745695603;1.2825645504633547
t29;9.862399402053834;3.5455974894160804;0.26795332350671086;0.6882166892951365;0.23398205152955964;1.294296652340146
t29;10.534318615464938;3.222960071028251;0.31206513312260953;0.8363223540399972;0.35500197792745025;1.4672476564142212
t29;9.358753163465602;3.1780833365329033;0.29473229195562783;0.7280983367010341;0.3854631737147503;1.4190683692768638
t29;7.325295628818161;3.2108299763579233;0.22995253237380153;0.8317740187660994;0.19484157883232373;1.236913155157335
t29;10.373563887686785;3.642596951036709;0.32419304158212103;0.9241391585090681;0.32560379821793123;1.3337066177074606
t29;8.012865158787633;3.207459798633189;0.304947333670976;0.46276389323328365;0.28786247158543377;1.6317126667722084
t29;9.443109280350201;3.7411434128613275;0.3615065360437626;0.8954295791124841;0.2791388095345149;1.2108690432628715
t29;8.061326695429202;3.1697332015924142;0.24705261452355665;0.5840263273022137;0.3427542522065699;1.2355108010614428
t29;10.182628973733529;3.242143932899711;0.30270922150581414;0.8794026395599424;0.31108418824371803;1.2609251013984057
t29;8.44443054742071;3.786859929622334;0.2921768474545454;0.9140550376803788;0.2828670996850275;1.5255696620794694
t29;9.39800236580832;3.684804546861704;0.3086915803244835;0.8431066893362519;0.3241985334618146;1.2732166183228275
t29;8.506342697731712;3.5232830759563964;0.3248080153862579;0.8523532802393271;0.36609584096808584;1.7364858752101253
t29;9.947360049933062;3.5832488828766302;0.30983070957437914;0.7195344220960803;0.39028806490819584;1.6247726584389601
t29;8.428347525294871;3.710944540624165;0.26839452987793866;1.2923142053151837;0.4124394816143497;1.740484060234892
t29;9.025436852868635;3.5946843015275523;0.26300139450280585;0.9084493363733448;0.3216822684940534;1.6219052936495924
t29;10.123004665236941;3.3869620850756745;0.3264542261956537;0.46061309543648193;0.179086988969057;1.5311216833380046
t29;9.38673733710709;3.548853388698801;0.28245631203091565;0.614734811626068;0.3373584198743125;1.3000115819708553
t29;10.17708427302653;3.278026135884731;0.2782048589285152;0.8745712489309609;0.3736957593115029;1.3101762749201944
t29;8.51344361346948;3.3286304020827675;0.3067693746539085;0.9871295451514446;0.3822574446564215;0.8306982624467304
t29;9.49808436802452;3.3976834679549697;0.20829296351513338;1.0803526648256654;0.20791871361602454;1.472375741309156
t29;8.442898293252355;3.568001830169528;0.32241360978013284;0.780067901836993;0.3213931875056758;1.515362858388758
t29;8.94408305926934;3.540700658290504;0.2728574984114285;0.9302649831560258;0.20617963439742298;1.6082270991796184
t29;9.127203845403159;3.3295112986171094;0.35539037730082507;0.6261013947203117;0.26367702023632866;1.6060015123216538
t29;9.5457058679447;3.4162524006731094;0.25486304212373057;0.8419014857004046;0.3657172072651178;2.0131895117025564
t29;8.41275471058812;3.7554382038600473;0.24904554222968928;0.9700005021401715;0.2856520103636701;1.9028275321487707
t29;9.944414095432602;2.9870195915367717;0.27888256477154194;0.773714761528704;0.4118340146061645;1.3899187014537224
t29;9.64917534442425;3.367649237957695;0.2839655310853839;0.6635746541264892;0.2708592835633578;1.2477029086058231
t29;9.182639337487611;3.1704426640057513;0.23609541256895972;0.7387405680155837;0.4214266513725766;0.9940623528874108
t29;8.576985130352123;3.479885556300152;0.3218087324744262;0.8821362026861119;0.36620981362533633;1.3070696258969094
t29;9.754219497330995;3.2828563157708675;0.3130017251570741;0.753946667112173;0.31569488487391173;1.678887327624
t29;9.160588328228025;2.920689993436837;0.26774415523954925;0.8083070106327124;0.27670769138085066;1.4984561600062456
t29;8.742283498303184;3.5170250480382603;0.2824942773833458;0.8444408071671249;0.3156625622744743;1.3180920742269586
t29;8.380729457976324;3.35346425312887;0.2895769350540813;0.6656856951742861;0.30835567266403807;1.4171688056631155
t29;8.412376501629893;3.5161879331726613;0.28677495995415936;1.0712915334159323;0.25200230115672645;1.5791403666748316
t29;9.093494140643411;3.109914718113532;0.24046924986018223;0.8279889400847218;0.2098620576208512;1.4861632203827622
t29;8.851011411875907;3.749995651202847;0.2366100442755793;0.9343513745829151;0.35201135607384265;1.518382605925872
t29;9.903463789112736;3.7744544537531795;0.2936515365230613;0.9039907883081627;0.26374615752280983;1.2049133727082486
t29;9.797756275815994;3.5740048992965585;0.3631070505323284;0.8130768117879855;0.2878755797734982;1.7006466676780807
t29;9.763641992241203;3.0262126446039526;0.33170842896434805;0.8780210883264954;0.408075828027709;1.4246249836382834
t29;9.350367013548512;3.537408268877905;0.38357087396962364;0.6377310035448753;0.3790987747145392;1.1979924809766016
t29;11.226328982859005;3.401970158224502;0.13931499678127396;1.0521416682706997;0.3885763448126372;1.4038845426539932
t29;9.093283212649295;3.5082120899665066;0.29764470002707366;0.8538790126634835;0.3241009608857298;1.1543210476650017
t29;9.235724825140338;3.3548669936326982;0.31357197516605234;0.6309672422979142;0.28988494174636903;1.3444593841743535
t29;8.25090423184997;3.373182176207854;0.2497290405019639;0.8879375541945905;0.2631162699276583;1.1483150587737836
t29;10.548886791924675;3.5784640284231948;0.3161746575436531;0.9050322927435459;0.4227351072826249;1.3156876436565432
t29;8.470400318033565;3.113920261202125;0.33907614363082034;0.9343904598694563;0.3456901529105912;1.7769059149160809
t29;8.839004774751235;3.5400613704798967;0.2749118830398931;0.7804249862910676;0.24618455009710938;1.5102622160944483
t29;9.528630474165091;3.622717008169941;0.28977759687968485;0.8239429302136018;0.3550577191863864;1.496907765250442
t29;9.351878550525733;3.177657951634392;0.253369162892571;0.7031214223178324;0.34905477432621557;1.8260044671201512
t29;10.493064891812757;3.7293923189944738;0.36487957243166647;0.9828240666195428;0.3260076376329927;1.162071491647017
t29;11.132408156411298;3.724144400514779;0.30546371769434827;0.8263872824180355;0.2893000395026538;1.1604722367328937
t29;9.26915386230663;3.4923723369108375;0.3389876363580816;0.8371621010981108;0.1505163978429171;1.5873350162729194
t29;7.607893412851694;3.3084853527077844;0.33433428303894563;0.8054191496365539;0.25428685329726397;1.3098710508073883
t29;8.705576854032815;3.5458380436140873;0.37661768487574127;1.277523008812711;0.180914015032009;1.386191964286457
t29;8.781890209644427;3.518864969283539;0.2337832116030792;0.4458173341972148;0.31448349474779547;1.866427468319092
t29;9.305496274382048;3.1146791926386275;0.3785775601729471;0.7656119827135213;0.48209348776721234;1.3643500491166047
t29;9.360608630571827;3.431874149614554;0.3583715824373673;1.0410237401750335;0.36303241316840296;1.4339564174489456
t29;9.641504553557283;3.4379476010774948;0.20433563692684248;0.7573393069282655;0.40987808847884855;1.4781175481994786
t29;8.617881276957903;3.495948014526593;0.29111153868068196;0.8540841269116084;0.28220764866548087;1.5710245147958257
t29;8.23052313324709;3.7027298617181064;0.2947194235536457;0.8721378880814424;0.34185088275195785;1.479931614447292
t29;9.162138768823766;3.0490898633734624;0.236974219215453;0.8868423583125515;0.36914723712373454;1.359424140046955
t29;8.243394088756302;3.4143029914202723;0.24162487644563313;0.8386135357600741;0.40370021588510957;1.7447402523007876
t29;8.009490828805749;3.702908888223772;0.2876257863234222;1.0622048448276729;0.29904445525354684;1.4814519963854558
t29;8.845325829625088;3.5915900727459547;0.3105677590296617;0.5662178140358403;0.17809255967825527;1.594019115013038
t29;7.118213908284794;3.4017507154827444;0.28563413549162087;0.5081740044411276;0.2394690429939227;1.3571856923332812
t29;9.296356296024745;3.947761563024419;0.3509149044652652;0.8435787732942813;0.2664203520216074;1.4913559097601505
t29;10.70633776501839;3.6626465019764516;0.3633964763386438;0.7747669717655741;0.3626705879609872;1.4380548985064052
t29;8.786464742150034;3.2552493826345708;0.281535102802795;0.894917241194563;0.3813676554112196;1.2503229440443904
t29;9.02620431688288;2.8382870114385277;0.3184699081809407;0.6565680765872426;0.2644806936956337;1.5544977431425377
t29;10.37263480232691;3.3236161006935188;0.28142850671331265;0.5297005686847647;0.3149448417509178;1.130539607148321
t29;8.99636227954224;3.594380764135947;0.30386230179819285;0.8195880149843082;0.32829398335067317;1.534411491218904
t29;7.871366794118191;3.1745617835602933;0.30128996800459423;1.1463942021699352;0.44498816009070286;1.327052128806347
t29;9.142701600217944;3.600835632424671;0.23815194607888424;0.6727447133649509;0.3733996784022918;1.4186226146857395
t29;8.892033657100745;3.4497046440044925;0.17020227022788437;0.6049384030218743;0.37191227928667875;1.4751086110365108
t29;9.686935132002729;3.515797208038532;0.23109997895821574;0.837619160312563;0.4365521565166096;1.2379993890253576
t29;10.207193136704324;3.6795744253666673;0.2538753263913186;0.87917757520374;0.22523968012114043;1.3007319669161326
t29;10.21474273150973;3.109002731000055;0.18114537671003017;0.7770290238372973;0.30662040869477786;1.5818918421035923
t29;9.170209296236502;3.8100548583836784;0.3167438326085327;0.6387443796454677;0.29883966782410654;1.8490279127684164
t29;9.053485589992466;3.411647116914844;0.3238664415490596;0.9139879205700605;0.33716644452444505;1.3623228182583014
t29;9.448523553609082;3.2284980536140853;0.259899038155633;0.9034488969297128;0.45129292171667196;1.1458015626088103
t29;9.187185792600843;3.2227344309651293;0.22043105292815085;0.6235448172277134;0.27767311117006516;1.306226719168096
t29;8.988558866923196;3.6890189061496432;0.29254245302647947;0.47795773555544474;0.3180401801956991;1.1717082330328465
t29;8.25986577496796;3.2185427577651615;0.2321813918282308;1.0478705596262703;0.3612481524847941;1.402580827538613
t29;9.577058263213154;3.6151594615152898;0.3197495979348486;0.9303955071518558;0.37900825098906143;1.0625441766512886
t29;10.02168836028244;3.533584760321849;0.2917454943348586;0.5524176199391218;0.30992792080749054;1.653763990798833
t29;8.19218491963238;3.991987964173884;0.31414028612180844;0.8106496578072248;0.3650142109206839;0.9945454801141316
t29;8.849191107680772;3.4771169412159177;0.29554678363118564;1.0251458676423282;0.1503220850880705;1.4947499470746142
t29;9.120818237669667;3.1165216862880736;0.29236707598385037;0.8039159738685392;0.3390425359969812;1.2733822533528116
t29;8.602649434783233;3.1291009578323075;0.25968437541909534;0.7254823389870672;0.3773565830028088;1.5649585354756073
t29;9.126795195882131;2.8977466450632026;0.33075475327891524;0.7190843218837182;0.24638414528080818;1.4360116377253174
t29;9.127106123037219;3.3095487189702233;0.3774169618504247;1.0187578089302662;0.2652796231071136;1.6514768974337493
t29;10.433487637940894;3.5568076366349506;0.32210503199655566;0.7675690222869477;0.25541656586645545;1.2522969305020861
t29;9.234539243358906;3.473975880298455;0.3452816696938385;0.9692428632650529;0.24181747739281156;1.3202695248274134
t29;10.3692257393418;3.5715301321734882;0.28138702309199903;0.39587728207223616;0.3867979182942206;1.2410408053584543
t29;10.60158281837078;3.495694034578826;0.3446568516004716;0.5925574984305897;0.3165401555440582;1.225796251840231
t29;9.596191941237619;3.422182841269836;0.229156901523988;1.0086550335043147;0.31305922995129887;1.3864116432162565
t29;10.249255517108919;3.456164995345269;0.31125479628892755;0.8024142488242245;0.2619071817487144;1.378010697174109
t29;9.58853742144689;3.108034655100298;0.32272491249927204;0.7553446099989248;0.28339017275419265;1.3886851578669699
t29;9.42526345237119;3.312989145030375;0.24606033161638954;0.3622032020276292;0.3019221341780314;1.94404962932038
t29;8.629222524714992;3.6711212176302377;0.3282607966746849;0.800468794840653;0.3577410836313019;1.1892279625080904
t29;9.568394981352117;3.023352149539412;0.2872645700452574;1.020725873194675;0.26913246814955327;1.2616384967826857
t29;9.062539714649976;3.1090501706711917;0.31370343898109965;0.9006545729852526;0.27338384629001256;1.3904974314500733
t29;11.133588212786703;3.408804152497516;0.313661373885815;0.7445367173294294;0.13328659775748702;1.3618049841108884
t29;8.839067820815982;2.8741146573959924;0.24420489047635224;0.6633860561539129;0.30787904806029676;1.4326350951639288
t29;10.471571659144688;3.316533090339248;0.2651213025905972;0.8766400382075004;0.15887470913176815;0.9396338811772268
t29;8.383842711330757;3.329709168155353;0.2712542054682954;0.6685403024039785;0.27560357610761027;1.089604863346891
t29;8.14935795553243;3.4717232826486764;0.26698087843083823;0.9122145577247482;0.31445626704289553;1.4595127110447317
t29;8.337907364067258;3.2319520344496797;0.23711439780982765;0.8429772302443644;0.3488784148458406;1.5414408236424768
t29;10.164654519861305;3.5101178349775464;0.25751993112968585;0.8111503887686806;0.2848078376343636;1.2819841483016692
t29;10.031359099059511;3.4325751440281924;0.22933517128226763;0.9118861162080157;0.39093068541888937;1.641313590735158
t29;9.191232251912645;3.113973607382399;0.27787286327087113;1.1345233270674528;0.33301794500951065;1.6488453529119904
t29;8.073619566785077;3.8552802280769125;0.3283190717917496;0.6758940241610771;0.2863853800213022;1.4000566710952362
t29;9.858606222161713;3.4735038578485558;0.29545779503769687;0.880970573586636;0.23963671684670357;1.441127151532887
t29;9.40867380317722;3.356181863489709;0.2932541454976995;0.7489701004318007;0.24240519722344797;1.4105455937796376
t29;10.07196491984587;3.5780033807794696;0.33777219079147686;0.8065704755987508;0.3541053843909571;1.2099869014598785
t29;9.967381076195553;3.592405719820743;0.33567726790884633;0.4886849095727513;0.2831481592696728;1.3264943712775628
t29;10.06619960932751;3.4821605313834616;0.3523808252490879;0.8189214251090375;0.33632333349135557;1.6257064725538946
t29;9.38409014837893;3.2698031209941996;0.2294232355654523;0.6509399675245054;0.3138370609962477;1.548466175145769
t29;8.559403680596404;3.5806342466241916;0.2848800615149075;0.942637330583361;0.3323273745783175;1.1004823665129355
t29;9.952870014624684;3.5434171565054986;0.29964957566832684;0.7752999219786308;0.20844182508607056;1.6519984250251487
t29;7.210111595950291;3.6252319370673467;0.35244804104514993;0.7227820150531824;0.29154678015585783;1.3126885587188533